gender_female,race/ethnicity_group_B,race/ethnicity_group_C,race/ethnicity_group_D,race/ethnicity_group_E,parental_level_of_education_associate's_degree,parental_level_of_education_bachelor's_degree,parental_level_of_education_high_school,parental_level_of_education_master's_degree,parental_level_of_education_some_college,lunch_free/reduced,test_preparation_course_completed,math_score,reading_score,writing_score,total_score
1,1,0,0,0,0,1,0,0,0,0,0,72,72,74,218
1,0,1,0,0,0,0,0,0,1,0,1,69,90,88,247
1,1,0,0,0,0,0,0,1,0,0,0,90,95,93,278
0,0,0,0,0,1,0,0,0,0,1,0,47,57,44,148
0,0,1,0,0,0,0,0,0,1,0,0,76,78,75,229
1,1,0,0,0,1,0,0,0,0,0,0,71,83,78,232
1,1,0,0,0,0,0,0,0,1,0,1,88,95,92,275
0,1,0,0,0,0,0,0,0,1,1,0,40,43,39,122
0,0,0,1,0,0,0,1,0,0,1,1,64,64,67,195
1,1,0,0,0,0,0,1,0,0,1,0,38,60,50,148
0,0,1,0,0,1,0,0,0,0,0,0,58,54,52,164
0,0,0,1,0,1,0,0,0,0,0,0,40,52,43,135
1,1,0,0,0,0,0,1,0,0,0,0,65,81,73,219
0,0,0,0,0,0,0,0,0,1,0,1,78,72,70,220
1,0,0,0,0,0,0,0,1,0,0,0,50,53,58,161
1,0,1,0,0,0,0,0,0,0,0,0,69,75,78,222
0,0,1,0,0,0,0,1,0,0,0,0,88,89,86,263
1,1,0,0,0,0,0,0,0,0,1,0,18,32,28,78
0,0,1,0,0,0,0,0,1,0,1,1,46,42,46,134
1,0,1,0,0,1,0,0,0,0,1,0,54,58,61,173
0,0,0,1,0,0,0,1,0,0,0,0,66,69,63,198
1,1,0,0,0,0,0,0,0,1,1,1,65,75,70,210
0,0,0,1,0,0,0,0,0,1,0,0,44,54,53,151
1,0,1,0,0,0,0,0,0,0,0,0,69,73,73,215
0,0,0,1,0,0,1,0,0,0,1,1,74,71,80,225
0,0,0,0,0,0,0,0,1,0,1,0,73,74,72,219
0,1,0,0,0,0,0,0,0,1,0,0,69,54,55,178
1,0,1,0,0,0,1,0,0,0,0,0,67,69,75,211
0,0,1,0,0,0,0,1,0,0,0,0,70,70,65,205
1,0,0,1,0,0,0,0,1,0,0,0,62,70,75,207
1,0,0,1,0,0,0,0,0,1,0,0,69,74,74,217
1,1,0,0,0,0,0,0,0,1,0,0,63,65,61,189
1,0,0,0,1,0,0,0,1,0,1,0,56,72,65,193
0,0,0,1,0,0,0,0,0,1,0,0,40,42,38,120
0,0,0,0,1,0,0,0,0,1,0,0,97,87,82,266
0,0,0,0,1,1,0,0,0,0,0,1,81,81,79,241
1,0,0,1,0,1,0,0,0,0,0,0,74,81,83,238
1,0,0,1,0,0,0,0,0,0,1,0,50,64,59,173
1,0,0,1,0,1,0,0,0,0,1,1,75,90,88,253
0,1,0,0,0,1,0,0,0,0,1,0,57,56,57,170
0,0,1,0,0,1,0,0,0,0,1,0,55,61,54,170
1,0,1,0,0,1,0,0,0,0,0,0,58,73,68,199
1,1,0,0,0,1,0,0,0,0,0,0,53,58,65,176
0,1,0,0,0,0,0,0,0,1,1,1,59,65,66,190
1,0,0,0,1,1,0,0,0,0,1,0,50,56,54,160
0,1,0,0,0,1,0,0,0,0,0,0,65,54,57,176
1,0,0,0,0,1,0,0,0,0,0,1,55,65,62,182
1,0,1,0,0,0,0,1,0,0,0,0,66,71,76,213
1,0,0,1,0,1,0,0,0,0,1,1,57,74,76,207
0,0,1,0,0,0,0,1,0,0,0,1,82,84,82,248
0,0,0,0,1,0,0,0,0,1,0,0,53,55,48,156
0,0,0,0,1,1,0,0,0,0,1,1,77,69,68,214
0,0,1,0,0,0,0,0,0,1,0,0,53,44,42,139
0,0,0,1,0,0,0,1,0,0,0,0,88,78,75,241
1,0,1,0,0,0,0,0,0,0,1,1,71,84,87,242
1,0,1,0,0,0,0,1,0,0,1,0,33,41,43,117
1,0,0,0,1,1,0,0,0,0,0,1,82,85,86,253
0,0,0,1,0,1,0,0,0,0,0,0,52,55,49,156
0,0,0,1,0,0,0,0,0,1,0,1,58,59,58,175
1,0,1,0,0,0,0,0,0,0,1,0,0,17,10,27
0,0,0,0,1,0,1,0,0,0,1,1,79,74,72,225
0,0,0,0,0,0,0,0,0,0,1,0,39,39,34,112
0,0,0,0,0,1,0,0,0,0,1,0,62,61,55,178
1,0,1,0,0,1,0,0,0,0,0,0,69,80,71,220
1,0,0,1,0,0,0,0,0,0,0,0,59,58,59,176
0,1,0,0,0,0,0,0,0,0,0,0,67,64,61,192
0,0,0,1,0,0,0,0,0,0,1,0,45,37,37,119
1,0,1,0,0,0,0,0,0,1,0,0,60,72,74,206
0,1,0,0,0,1,0,0,0,0,1,0,61,58,56,175
1,0,1,0,0,1,0,0,0,0,0,0,39,64,57,160
1,0,0,1,0,0,0,0,0,1,1,1,58,63,73,194
0,0,0,1,0,0,0,0,0,1,0,1,63,55,63,181
1,0,0,0,0,1,0,0,0,0,1,0,41,51,48,140
0,0,1,0,0,0,0,0,0,0,1,0,61,57,56,174
0,0,1,0,0,0,0,0,0,0,0,0,49,49,41,139
0,1,0,0,0,1,0,0,0,0,1,0,44,41,38,123
0,0,0,0,1,0,0,0,0,0,0,0,30,26,22,78
0,0,0,0,0,0,1,0,0,0,0,1,80,78,81,239
1,0,0,1,0,0,0,0,0,0,0,1,61,74,72,207
1,0,0,0,1,0,0,0,1,0,0,0,62,68,68,198
1,1,0,0,0,1,0,0,0,0,0,0,47,49,50,146
0,1,0,0,0,0,0,1,0,0,1,0,49,45,45,139
0,0,0,0,0,0,0,0,0,1,1,1,50,47,54,151
0,0,0,0,1,1,0,0,0,0,0,0,72,64,63,199
0,0,0,1,0,0,0,1,0,0,1,0,42,39,34,115
1,0,1,0,0,0,0,0,0,1,0,0,73,80,82,235
1,0,1,0,0,0,0,0,0,1,1,0,76,83,88,247
1,0,0,1,0,1,0,0,0,0,0,0,71,71,74,216
1,0,0,0,0,0,0,0,0,1,0,0,58,70,67,195
1,0,0,1,0,0,0,0,0,0,0,0,73,86,82,241
1,0,1,0,0,0,1,0,0,0,0,0,65,72,74,211
0,0,1,0,0,0,0,1,0,0,1,0,27,34,36,97
0,0,1,0,0,0,0,1,0,0,0,0,71,79,71,221
0,0,1,0,0,1,0,0,0,0,1,1,43,45,50,138
1,1,0,0,0,0,0,0,0,1,0,0,79,86,92,257
0,0,1,0,0,1,0,0,0,0,1,1,78,81,82,241
0,1,0,0,0,0,0,0,0,0,0,1,65,66,62,193
1,0,0,0,1,0,0,0,0,1,0,1,63,72,70,205
1,0,0,1,0,0,0,0,0,1,1,0,58,67,62,187
1,0,0,1,0,0,1,0,0,0,0,0,65,67,62,194
0,1,0,0,0,0,0,0,0,1,0,0,79,67,67,213
0,0,0,1,0,0,1,0,0,0,0,1,68,74,74,216
1,0,0,1,0,1,0,0,0,0,0,0,85,91,89,265
0,1,0,0,0,0,0,1,0,0,0,1,60,44,47,151
0,0,1,0,0,0,0,0,0,1,0,1,98,86,90,274
1,0,1,0,0,0,0,0,0,1,0,0,58,67,72,197
1,0,0,1,0,0,0,0,1,0,0,0,87,100,100,287
0,0,0,0,1,1,0,0,0,0,0,1,66,63,64,193
1,1,0,0,0,1,0,0,0,0,1,0,52,76,70,198
1,1,0,0,0,0,0,0,0,0,0,0,70,64,72,206
1,0,0,1,0,1,0,0,0,0,1,1,77,89,98,264
0,0,1,0,0,0,0,1,0,0,0,0,62,55,49,166
0,0,0,0,0,1,0,0,0,0,0,0,54,53,47,154
1,0,0,1,0,0,0,0,0,1,0,0,51,58,54,163
1,0,0,0,1,0,1,0,0,0,0,1,99,100,100,299
0,0,1,0,0,0,0,1,0,0,0,0,84,77,74,235
1,1,0,0,0,0,1,0,0,0,1,0,75,85,82,242
1,0,0,1,0,0,1,0,0,0,0,0,78,82,79,239
1,0,0,1,0,0,0,0,0,0,0,0,51,63,61,175
1,0,1,0,0,0,0,0,0,1,0,0,55,69,65,189
1,0,1,0,0,0,1,0,0,0,0,1,79,92,89,260
0,1,0,0,0,1,0,0,0,0,0,1,91,89,92,272
1,0,1,0,0,0,0,0,0,1,0,1,88,93,93,274
0,0,0,1,0,0,0,1,0,0,1,0,63,57,56,176
0,0,0,0,1,0,0,0,0,1,0,0,83,80,73,236
1,1,0,0,0,0,0,1,0,0,0,0,87,95,86,268
0,1,0,0,0,0,0,0,0,0,0,0,72,68,67,207
0,0,0,1,0,0,0,0,0,1,0,1,65,77,74,216
0,0,0,1,0,0,0,0,1,0,0,0,82,82,74,238
1,0,0,0,0,0,1,0,0,0,0,0,51,49,51,151
0,0,0,1,0,0,0,0,1,0,0,0,89,84,82,255
0,0,1,0,0,0,0,0,0,0,1,1,53,37,40,130
0,0,0,0,1,0,0,0,0,1,1,1,87,74,70,231
1,0,1,0,0,0,0,0,0,1,0,1,75,81,84,240
0,0,0,1,0,0,1,0,0,0,1,1,74,79,75,228
0,0,1,0,0,0,1,0,0,0,0,0,58,55,48,161
0,1,0,0,0,0,0,0,0,0,0,1,51,54,41,146
0,0,0,0,1,0,0,1,0,0,0,0,70,55,56,181
1,0,1,0,0,1,0,0,0,0,0,0,59,66,67,192
0,0,0,1,0,0,0,0,0,1,0,1,71,61,69,201
1,0,0,1,0,0,0,0,0,0,0,0,76,72,71,219
1,0,1,0,0,0,0,0,0,1,1,0,59,62,64,185
1,0,0,0,1,0,0,0,0,1,1,1,42,55,54,151
0,0,0,0,0,0,0,1,0,0,0,0,57,43,47,147
0,0,0,1,0,0,0,0,0,1,0,0,88,73,78,239
1,0,1,0,0,0,0,0,0,1,1,0,22,39,33,94
0,1,0,0,0,0,0,0,0,0,0,0,88,84,75,247
0,0,1,0,0,1,0,0,0,0,1,0,73,68,66,207
1,0,0,1,0,0,1,0,0,0,0,1,68,75,81,224
0,0,0,0,1,1,0,0,0,0,1,1,100,100,93,293
0,0,0,0,0,0,0,0,0,0,0,1,62,67,69,198
0,0,0,0,0,0,1,0,0,0,0,0,77,67,68,212
1,1,0,0,0,1,0,0,0,0,0,1,59,70,66,195
0,0,0,1,0,0,1,0,0,0,0,0,54,49,47,150
0,0,0,1,0,0,0,0,0,0,0,0,62,67,61,190
1,0,1,0,0,0,0,0,0,1,0,1,70,89,88,247
1,0,0,0,1,0,0,1,0,0,1,1,66,74,78,218
0,1,0,0,0,0,0,0,0,1,1,0,60,60,60,180
1,1,0,0,0,1,0,0,0,0,0,1,61,86,87,234
0,0,0,1,0,1,0,0,0,0,1,0,66,62,64,192
0,1,0,0,0,1,0,0,0,0,1,1,82,78,74,234
1,0,0,0,1,0,0,0,0,1,1,1,75,88,85,248
0,1,0,0,0,0,0,0,1,0,1,0,49,53,52,154
0,0,1,0,0,0,0,1,0,0,0,0,52,53,49,154
1,0,0,0,1,0,0,0,1,0,0,0,81,92,91,264
1,0,1,0,0,0,1,0,0,0,0,1,96,100,100,296
0,0,1,0,0,0,0,1,0,0,1,1,53,51,51,155
1,1,0,0,0,0,0,0,1,0,1,1,58,76,78,212
1,1,0,0,0,0,0,1,0,0,0,1,68,83,78,229
1,0,1,0,0,0,0,0,0,1,1,1,67,75,70,212
0,0,0,0,0,0,0,1,0,0,0,1,72,73,74,219
0,0,0,0,1,0,0,0,0,0,0,0,94,88,78,260
1,0,0,1,0,0,0,0,0,1,0,0,79,86,81,246
1,0,1,0,0,1,0,0,0,0,0,0,63,67,70,200
1,0,1,0,0,0,1,0,0,0,1,1,43,51,54,148
1,0,1,0,0,0,0,0,1,0,0,1,81,91,87,259
1,1,0,0,0,0,0,1,0,0,1,1,46,54,58,158
1,0,1,0,0,1,0,0,0,0,0,1,71,77,77,225
1,1,0,0,0,0,0,0,1,0,1,1,52,70,62,184
1,0,0,1,0,0,0,0,0,0,0,1,97,100,100,297
0,0,1,0,0,0,0,0,1,0,1,1,62,68,75,205
1,0,1,0,0,0,0,0,0,1,1,0,46,64,66,176
1,0,0,0,1,0,0,1,0,0,0,0,50,50,47,147
1,0,0,1,0,1,0,0,0,0,0,0,65,69,70,204
0,0,1,0,0,0,0,0,0,0,1,1,45,52,49,146
0,0,1,0,0,1,0,0,0,0,1,1,65,67,65,197
0,0,0,0,1,0,0,1,0,0,0,0,80,76,65,221
0,0,0,1,0,0,0,0,0,0,0,1,62,66,68,196
0,1,0,0,0,0,0,0,0,0,1,0,48,52,45,145
1,0,1,0,0,0,1,0,0,0,0,0,77,88,87,252
1,0,0,0,1,1,0,0,0,0,0,0,66,65,69,200
0,0,0,1,0,0,0,0,0,1,0,1,76,83,79,238
1,1,0,0,0,0,0,0,0,0,0,0,62,64,66,192
0,0,0,1,0,0,0,0,0,1,0,1,77,62,62,201
1,0,1,0,0,0,0,0,1,0,0,1,69,84,85,238
0,0,0,1,0,1,0,0,0,0,0,0,61,55,52,168
0,0,1,0,0,0,0,0,0,0,1,1,59,69,65,193
0,0,0,0,1,0,0,1,0,0,1,0,55,56,51,162
1,1,0,0,0,0,0,0,0,1,1,0,45,53,55,153
1,1,0,0,0,0,1,0,0,0,1,0,78,79,76,233
1,0,1,0,0,1,0,0,0,0,0,1,67,84,86,237
1,0,0,1,0,0,0,0,0,1,1,0,65,81,77,223
0,0,1,0,0,1,0,0,0,0,0,0,69,77,69,215
1,1,0,0,0,1,0,0,0,0,0,0,57,69,68,194
0,0,1,0,0,0,0,0,0,1,0,0,59,41,42,142
0,0,0,1,0,0,0,0,0,0,0,1,74,71,78,223
0,0,0,0,1,0,1,0,0,0,0,0,82,62,62,206
0,0,0,0,1,0,0,1,0,0,0,1,81,80,76,237
1,1,0,0,0,0,0,0,0,1,1,0,74,81,76,231
1,1,0,0,0,0,0,0,0,1,1,0,58,61,66,185
0,0,0,1,0,0,0,0,0,0,1,1,80,79,79,238
0,0,1,0,0,0,0,0,0,1,1,0,35,28,27,90
1,0,1,0,0,0,0,1,0,0,1,0,42,62,60,164
0,0,1,0,0,1,0,0,0,0,1,1,60,51,56,167
0,0,0,0,1,0,0,1,0,0,0,1,87,91,81,259
0,1,0,0,0,0,0,0,0,0,0,1,84,83,75,242
1,0,0,0,1,1,0,0,0,0,1,1,83,86,88,257
1,0,1,0,0,0,0,1,0,0,1,0,34,42,39,115
0,1,0,0,0,0,0,1,0,0,1,0,66,77,70,213
0,1,0,0,0,0,0,0,0,0,0,1,61,56,56,173
1,0,0,1,0,0,0,1,0,0,0,1,56,68,74,198
0,1,0,0,0,1,0,0,0,0,0,0,87,85,73,245
1,0,1,0,0,0,0,0,0,0,1,0,55,65,62,182
0,0,0,1,0,0,0,0,0,0,0,0,86,80,75,241
1,1,0,0,0,1,0,0,0,0,0,1,52,66,73,191
1,0,0,0,1,0,0,0,1,0,1,0,45,56,54,155
1,0,1,0,0,0,0,0,0,1,0,0,72,72,71,215
0,0,0,1,0,0,0,1,0,0,0,0,57,50,54,161
0,0,0,0,0,0,0,0,0,0,1,0,68,72,64,204
1,0,1,0,0,0,0,0,0,1,0,1,88,95,94,277
0,0,0,1,0,0,0,0,0,1,0,0,76,64,66,206
0,0,1,0,0,1,0,0,0,0,0,0,46,43,42,131
1,1,0,0,0,0,1,0,0,0,0,0,67,86,83,236
0,0,0,0,1,0,0,0,0,0,0,0,92,87,78,257
0,0,1,0,0,0,1,0,0,0,0,1,83,82,84,249
0,0,0,1,0,1,0,0,0,0,0,0,80,75,77,232
0,0,0,1,0,0,1,0,0,0,1,0,63,66,67,196
1,0,0,1,0,0,0,0,0,0,0,1,64,60,74,198
0,1,0,0,0,0,0,0,0,1,0,0,54,52,51,157
0,0,1,0,0,1,0,0,0,0,0,0,84,80,80,244
0,0,0,1,0,0,0,1,0,0,1,1,73,68,66,207
1,0,0,0,1,0,1,0,0,0,0,0,80,83,83,246
1,0,0,1,0,0,0,1,0,0,0,0,56,52,55,163
0,0,0,0,1,0,0,0,0,1,0,0,59,51,43,153
0,0,0,1,0,0,0,0,0,0,0,0,75,74,69,218
0,0,1,0,0,1,0,0,0,0,0,0,85,76,71,232
0,0,0,0,1,1,0,0,0,0,0,0,89,76,74,239
1,1,0,0,0,0,0,1,0,0,0,1,58,70,68,196
1,1,0,0,0,0,0,1,0,0,0,0,65,64,62,191
0,0,1,0,0,0,0,1,0,0,0,0,68,60,53,181
0,0,0,0,0,0,0,0,0,0,0,1,47,49,49,145
1,0,0,1,0,0,0,0,0,1,1,0,71,83,83,237
1,1,0,0,0,0,0,0,0,0,0,1,60,70,70,200
0,0,0,1,0,0,0,0,1,0,0,0,80,80,72,232
0,0,0,1,0,0,0,1,0,0,0,0,54,52,52,158
1,0,0,0,1,0,0,0,0,1,0,0,62,73,70,205
1,0,1,0,0,1,0,0,0,0,1,0,64,73,68,205
0,0,1,0,0,1,0,0,0,0,0,1,78,77,77,232
1,1,0,0,0,0,0,0,0,1,0,0,70,75,78,223
1,0,1,0,0,0,0,0,1,0,1,1,65,81,81,227
1,0,1,0,0,0,0,0,0,0,1,1,64,79,77,220
0,0,1,0,0,0,0,0,0,1,0,1,79,79,78,236
1,0,1,0,0,0,0,0,0,0,1,0,44,50,51,145
1,0,0,0,1,0,0,1,0,0,0,0,99,93,90,282
0,0,0,1,0,0,0,1,0,0,0,0,76,73,68,217
0,0,0,1,0,0,0,0,0,0,1,0,59,42,41,142
1,0,1,0,0,0,1,0,0,0,0,0,63,75,81,219
1,0,0,1,0,0,0,1,0,0,0,0,69,72,77,218
1,0,0,1,0,1,0,0,0,0,0,1,88,92,95,275
1,0,0,0,1,0,0,0,0,1,1,0,71,76,70,217
0,0,1,0,0,0,1,0,0,0,0,0,69,63,61,193
0,0,1,0,0,0,0,0,0,1,0,0,58,49,42,149
1,0,0,1,0,1,0,0,0,0,1,0,47,53,58,158
1,0,0,1,0,0,0,0,0,1,0,0,65,70,71,206
0,1,0,0,0,0,0,0,0,1,0,1,88,85,76,249
0,0,1,0,0,0,1,0,0,0,0,0,83,78,73,234
1,0,1,0,0,0,0,0,0,0,0,1,85,92,93,270
1,0,0,0,1,0,0,1,0,0,0,1,59,63,75,197
1,0,1,0,0,0,0,0,0,0,1,0,65,86,80,231
0,1,0,0,0,0,1,0,0,0,1,0,73,56,57,186
0,0,0,1,0,0,0,1,0,0,0,0,53,52,42,147
0,0,0,1,0,0,0,1,0,0,0,0,45,48,46,139
1,0,0,1,0,0,1,0,0,0,1,0,73,79,84,236
1,0,0,1,0,0,0,0,0,1,1,1,70,78,78,226
1,1,0,0,0,0,0,0,0,0,0,0,37,46,46,129
0,1,0,0,0,1,0,0,0,0,0,1,81,82,82,245
0,0,0,0,1,1,0,0,0,0,0,1,97,82,88,267
1,1,0,0,0,0,0,0,0,0,0,0,67,89,82,238
0,1,0,0,0,0,1,0,0,0,1,0,88,75,76,239
0,0,0,0,1,0,0,0,0,0,0,1,77,76,77,230
0,0,1,0,0,1,0,0,0,0,0,0,76,70,68,214
0,0,0,1,0,0,0,0,0,0,0,0,86,73,70,229
0,0,1,0,0,0,0,0,0,0,0,1,63,60,57,180
1,0,0,0,1,0,1,0,0,0,0,0,65,73,75,213
0,0,0,1,0,0,0,1,0,0,1,1,78,77,80,235
0,1,0,0,0,1,0,0,0,0,1,0,67,62,60,189
0,0,0,0,0,0,0,0,0,0,0,1,46,41,43,130
0,0,0,0,1,1,0,0,0,0,0,1,71,74,68,213
0,0,1,0,0,0,0,1,0,0,1,1,40,46,50,136
0,0,0,1,0,1,0,0,0,0,1,0,90,87,75,252
0,0,0,0,0,0,0,0,0,1,1,1,81,78,81,240
0,0,0,1,0,0,0,0,0,0,1,0,56,54,52,162
1,0,1,0,0,1,0,0,0,0,0,1,67,84,81,232
0,1,0,0,0,1,0,0,0,0,0,0,80,76,64,220
1,0,1,0,0,1,0,0,0,0,0,1,74,75,83,232
0,0,0,0,0,0,0,0,0,1,0,0,69,67,69,205
0,0,0,0,1,0,0,0,0,1,0,1,99,87,81,267
0,0,1,0,0,0,0,0,0,0,0,0,51,52,44,147
1,1,0,0,0,1,0,0,0,0,1,0,53,71,67,191
1,0,0,1,0,0,0,1,0,0,1,0,49,57,52,158
1,1,0,0,0,1,0,0,0,0,0,0,73,76,80,229
0,1,0,0,0,0,1,0,0,0,0,0,66,60,57,183
0,0,0,1,0,0,1,0,0,0,0,1,67,61,68,196
1,0,1,0,0,1,0,0,0,0,1,1,68,67,69,204
1,0,1,0,0,0,1,0,0,0,0,1,59,64,75,198
0,0,1,0,0,0,0,1,0,0,0,0,71,66,65,202
1,0,0,1,0,0,0,0,1,0,0,1,77,82,91,250
0,0,1,0,0,1,0,0,0,0,0,0,83,72,78,233
0,1,0,0,0,0,1,0,0,0,0,0,63,71,69,203
1,0,0,1,0,1,0,0,0,0,1,0,56,65,63,184
1,0,1,0,0,0,0,1,0,0,1,1,67,79,84,230
1,0,0,0,1,0,0,1,0,0,0,0,75,86,79,240
1,0,1,0,0,0,0,0,0,1,0,0,71,81,80,232
1,0,1,0,0,0,0,0,0,0,1,0,43,53,53,149
1,0,1,0,0,0,0,1,0,0,1,0,41,46,43,130
1,0,1,0,0,0,0,0,0,1,0,0,82,90,94,266
0,0,1,0,0,0,0,0,0,1,0,0,61,61,62,184
0,0,0,0,0,0,0,0,0,1,1,0,28,23,19,70
0,0,1,0,0,1,0,0,0,0,0,1,82,75,77,234
1,1,0,0,0,0,0,0,0,0,0,0,41,55,51,147
0,0,1,0,0,0,0,1,0,0,0,0,71,60,61,192
0,0,1,0,0,1,0,0,0,0,0,0,47,37,35,119
0,0,0,0,1,1,0,0,0,0,0,1,62,56,53,171
0,1,0,0,0,1,0,0,0,0,0,0,90,78,81,249
1,0,1,0,0,0,1,0,0,0,0,0,83,93,95,271
1,1,0,0,0,0,0,0,0,1,1,0,61,68,66,195
0,0,0,1,0,0,0,0,0,0,0,1,76,70,69,215
0,0,1,0,0,1,0,0,0,0,0,0,49,51,43,143
1,1,0,0,0,0,0,0,0,0,1,0,24,38,27,89
1,0,0,1,0,0,0,0,0,0,1,1,35,55,60,150
0,0,1,0,0,0,0,1,0,0,1,0,58,61,52,171
1,0,1,0,0,0,0,1,0,0,0,0,61,73,63,197
1,1,0,0,0,0,0,1,0,0,0,1,69,76,74,219
0,0,0,1,0,1,0,0,0,0,0,1,67,72,67,206
0,0,0,1,0,0,0,0,0,1,0,0,79,73,67,219
1,0,1,0,0,0,0,1,0,0,0,0,72,80,75,227
0,1,0,0,0,0,0,0,0,1,0,0,62,61,57,180
1,0,1,0,0,0,1,0,0,0,0,1,77,94,95,266
0,0,0,1,0,0,0,1,0,0,1,0,75,74,66,215
0,0,0,0,1,1,0,0,0,0,0,0,87,74,76,237
1,1,0,0,0,0,1,0,0,0,0,0,52,65,69,186
0,0,0,0,1,0,0,0,0,1,0,0,66,57,52,175
1,0,1,0,0,0,0,0,0,1,0,1,63,78,80,221
1,0,1,0,0,1,0,0,0,0,0,0,46,58,57,161
1,0,1,0,0,0,0,0,0,1,0,0,59,71,70,200
1,1,0,0,0,0,1,0,0,0,0,0,61,72,70,203
0,0,0,0,0,1,0,0,0,0,0,0,63,61,61,185
1,0,1,0,0,0,0,0,0,1,1,1,42,66,69,177
0,0,0,1,0,0,0,0,0,1,1,0,59,62,61,182
1,0,0,1,0,0,0,0,0,1,0,0,80,90,89,259
1,1,0,0,0,0,0,1,0,0,0,0,58,62,59,179
0,1,0,0,0,0,0,0,0,0,0,1,85,84,78,247
1,0,1,0,0,0,0,0,0,1,0,0,52,58,58,168
1,0,0,1,0,0,0,0,0,0,1,0,27,34,32,93
0,0,1,0,0,0,0,0,0,1,0,0,59,60,58,177
0,0,0,0,0,0,1,0,0,0,1,1,49,58,60,167
0,0,1,0,0,0,0,1,0,0,0,1,69,58,53,180
0,0,1,0,0,0,1,0,0,0,1,0,61,66,61,188
1,0,0,0,0,0,0,0,0,0,1,0,44,64,58,166
1,0,0,1,0,0,0,0,0,0,0,0,73,84,85,242
0,0,0,0,1,0,0,0,0,1,0,0,84,77,71,232
1,0,1,0,0,0,0,0,0,1,1,1,45,73,70,188
0,0,0,1,0,0,0,0,0,0,0,0,74,74,72,220
1,0,0,1,0,0,0,0,0,1,0,1,82,97,96,275
1,0,0,1,0,0,1,0,0,0,0,0,59,70,73,202
0,0,0,0,1,1,0,0,0,0,1,0,46,43,41,130
1,0,0,1,0,0,0,0,0,0,0,0,80,90,82,252
1,0,0,1,0,0,0,0,1,0,1,1,85,95,100,280
1,0,0,0,0,0,0,0,0,0,0,0,71,83,77,231
0,0,0,0,0,0,1,0,0,0,0,0,66,64,62,192
1,1,0,0,0,1,0,0,0,0,0,0,80,86,83,249
0,0,1,0,0,1,0,0,0,0,0,1,87,100,95,282
0,0,1,0,0,0,0,0,1,0,1,0,79,81,71,231
1,0,0,0,1,0,0,0,0,0,1,0,38,49,45,132
1,0,0,0,0,0,0,0,0,0,1,0,38,43,43,124
1,0,0,0,1,0,0,0,0,1,0,0,67,76,75,218
1,0,0,0,1,0,1,0,0,0,0,0,64,73,70,207
1,0,1,0,0,1,0,0,0,0,1,0,57,78,67,202
1,0,0,1,0,0,0,1,0,0,0,0,62,64,64,190
0,0,0,1,0,0,0,0,1,0,0,0,73,70,75,218
0,0,0,0,1,0,0,0,0,0,1,1,73,67,59,199
1,0,0,1,0,0,0,0,0,1,0,0,77,68,77,222
0,0,0,0,1,0,0,0,0,1,0,0,76,67,67,210
0,0,1,0,0,1,0,0,0,0,0,1,57,54,56,167
1,0,1,0,0,0,0,0,0,0,0,1,65,74,77,216
0,0,0,0,0,0,0,1,0,0,1,0,48,45,41,134
1,1,0,0,0,0,0,1,0,0,1,0,50,67,63,180
1,0,1,0,0,1,0,0,0,0,0,0,85,89,95,269
0,1,0,0,0,0,0,0,0,0,0,0,74,63,57,194
0,0,0,1,0,0,0,0,0,0,0,0,60,59,54,173
1,0,1,0,0,0,0,0,0,0,0,1,59,54,67,180
0,0,0,0,0,0,0,0,0,1,0,0,53,43,43,139
1,0,0,0,0,0,0,0,0,1,1,0,49,65,55,169
1,0,0,1,0,0,0,1,0,0,0,1,88,99,100,287
1,0,1,0,0,0,0,1,0,0,0,0,54,59,62,175
1,0,1,0,0,0,0,0,0,0,0,0,63,73,68,204
0,1,0,0,0,1,0,0,0,0,0,1,65,65,63,193
1,1,0,0,0,1,0,0,0,0,0,0,82,80,77,239
1,0,0,1,0,0,0,1,0,0,1,1,52,57,56,165
0,0,0,1,0,1,0,0,0,0,0,1,87,84,85,256
1,0,0,1,0,0,0,0,1,0,0,1,70,71,74,215
0,0,0,0,1,0,0,0,0,1,0,1,84,83,78,245
0,0,0,1,0,1,0,0,0,0,0,0,71,66,60,197
0,1,0,0,0,0,0,0,0,0,0,1,63,67,67,197
1,0,1,0,0,0,1,0,0,0,1,1,51,72,79,202
0,0,0,0,1,0,0,1,0,0,0,0,84,73,69,226
0,0,1,0,0,0,1,0,0,0,0,1,71,74,68,213
0,0,1,0,0,1,0,0,0,0,0,0,74,73,67,214
0,0,0,1,0,0,0,0,0,1,0,0,68,59,62,189
0,0,0,0,1,0,0,1,0,0,1,1,57,56,54,167
1,0,1,0,0,1,0,0,0,0,1,1,82,93,93,268
1,0,0,1,0,0,0,1,0,0,0,1,57,58,64,179
1,0,0,1,0,0,0,0,1,0,1,1,47,58,67,172
1,0,0,0,0,0,0,0,0,0,0,1,59,85,80,224
0,1,0,0,0,0,0,0,0,1,1,0,41,39,34,114
1,0,1,0,0,0,0,0,0,1,1,0,62,67,62,191
0,0,1,0,0,0,1,0,0,0,0,0,86,83,86,255
0,0,1,0,0,0,0,0,0,0,1,0,69,71,65,205
0,0,0,0,0,0,0,0,0,0,1,0,65,59,53,177
0,0,1,0,0,0,0,0,0,0,1,0,68,63,54,185
0,0,1,0,0,1,0,0,0,0,1,0,64,66,59,189
1,0,1,0,0,0,0,1,0,0,0,0,61,72,70,203
0,0,1,0,0,0,0,1,0,0,0,0,61,56,55,172
1,0,0,0,0,0,0,0,0,0,1,0,47,59,50,156
0,0,1,0,0,0,0,0,0,0,0,0,73,66,66,205
0,0,1,0,0,0,0,0,0,1,1,1,50,48,53,151
0,0,0,1,0,1,0,0,0,0,0,0,75,68,64,207
0,0,0,1,0,1,0,0,0,0,1,0,75,66,73,214
0,0,1,0,0,0,0,1,0,0,0,0,70,56,51,177
0,0,0,1,0,0,0,0,0,0,0,1,89,88,82,259
1,0,1,0,0,0,0,0,0,1,0,1,67,81,79,227
1,0,0,1,0,0,0,1,0,0,0,0,78,81,80,239
1,0,0,0,0,0,0,0,0,0,1,0,59,73,69,201
1,1,0,0,0,1,0,0,0,0,0,0,73,83,76,232
0,0,0,0,0,0,0,0,0,0,1,0,79,82,73,234
1,0,1,0,0,0,0,0,0,0,0,1,67,74,77,218
0,0,0,1,0,0,0,0,0,1,1,0,69,66,60,195
0,0,1,0,0,0,0,1,0,0,0,1,86,81,80,247
0,1,0,0,0,0,0,1,0,0,0,0,47,46,42,135
0,1,0,0,0,1,0,0,0,0,0,0,81,73,72,226
1,0,1,0,0,0,0,0,0,1,1,1,64,85,85,234
1,0,0,0,1,0,0,0,0,1,0,0,100,92,97,289
1,0,1,0,0,1,0,0,0,0,1,0,65,77,74,216
0,0,1,0,0,0,0,0,0,1,1,0,65,58,49,172
1,0,1,0,0,1,0,0,0,0,1,0,53,61,62,176
0,0,1,0,0,0,1,0,0,0,1,0,37,56,47,140
1,0,0,1,0,0,1,0,0,0,0,0,79,89,89,257
0,0,0,1,0,1,0,0,0,0,1,0,53,54,48,155
1,0,0,0,1,0,1,0,0,0,0,0,100,100,100,300
0,1,0,0,0,0,0,1,0,0,0,1,72,65,68,205
0,0,1,0,0,0,1,0,0,0,1,0,53,58,55,166
0,1,0,0,0,0,0,0,0,1,1,0,54,54,45,153
1,0,0,0,1,0,0,0,0,1,0,0,71,70,76,217
1,0,1,0,0,0,0,0,0,1,1,0,77,90,91,258
0,0,0,0,0,0,1,0,0,0,0,1,75,58,62,195
1,0,1,0,0,0,0,0,0,1,0,0,84,87,91,262
1,0,0,1,0,1,0,0,0,0,1,0,26,31,38,95
0,0,0,0,0,0,0,1,0,0,1,1,72,67,65,204
1,0,0,0,0,0,0,1,0,0,1,1,77,88,85,250
0,0,1,0,0,0,0,0,0,1,0,0,91,74,76,241
1,0,1,0,0,1,0,0,0,0,0,1,83,85,90,258
1,0,1,0,0,0,0,1,0,0,0,0,63,69,74,206
1,0,1,0,0,1,0,0,0,0,0,1,68,86,84,238
1,0,0,1,0,0,0,0,0,0,0,0,59,67,61,187
1,1,0,0,0,1,0,0,0,0,0,1,90,90,91,271
1,0,0,1,0,0,1,0,0,0,0,1,71,76,83,230
0,0,0,0,1,0,1,0,0,0,0,1,76,62,66,204
0,0,0,1,0,1,0,0,0,0,0,0,80,68,72,220
1,0,0,1,0,0,0,0,1,0,0,0,55,64,70,189
0,0,0,0,1,1,0,0,0,0,0,0,76,71,67,214
0,1,0,0,0,0,0,1,0,0,0,1,73,71,68,212
1,0,0,1,0,1,0,0,0,0,1,0,52,59,56,167
0,0,1,0,0,0,0,0,0,1,1,0,68,68,61,197
0,0,0,0,0,0,0,1,0,0,0,0,59,52,46,157
1,1,0,0,0,1,0,0,0,0,0,0,49,52,54,155
0,0,1,0,0,0,0,1,0,0,0,0,70,74,71,215
0,0,0,1,0,0,0,0,0,1,1,0,61,47,56,164
1,0,1,0,0,1,0,0,0,0,1,0,60,75,74,209
0,1,0,0,0,0,0,0,0,0,0,1,64,53,57,174
0,0,0,0,0,1,0,0,0,0,1,1,79,82,82,243
1,0,0,0,0,1,0,0,0,0,1,0,65,85,76,226
1,0,1,0,0,1,0,0,0,0,0,0,64,64,70,198
1,0,1,0,0,0,0,0,0,1,0,0,83,83,90,256
1,0,1,0,0,0,1,0,0,0,0,0,81,88,90,259
1,1,0,0,0,0,0,1,0,0,0,0,54,64,68,186
0,0,0,1,0,0,0,1,0,0,0,1,68,64,66,198
1,0,1,0,0,0,0,0,0,1,0,0,54,48,52,154
1,0,0,1,0,0,0,0,0,1,1,1,59,78,76,213
1,1,0,0,0,0,0,0,0,0,0,0,66,69,68,203
0,0,0,0,1,0,0,0,0,1,0,0,76,71,72,219
1,0,0,1,0,0,0,0,1,0,0,0,74,79,82,235
1,1,0,0,0,1,0,0,0,0,0,1,94,87,92,273
0,0,1,0,0,0,0,0,0,1,1,0,63,61,54,178
1,0,0,0,1,1,0,0,0,0,0,1,95,89,92,276
1,0,0,1,0,0,0,0,1,0,1,0,40,59,54,153
1,1,0,0,0,0,0,0,0,0,0,0,82,82,80,244
0,0,0,0,0,0,0,1,0,0,0,0,68,70,66,204
0,1,0,0,0,0,1,0,0,0,1,0,55,59,54,168
0,0,1,0,0,0,0,0,1,0,0,0,79,78,77,234
1,0,1,0,0,0,1,0,0,0,0,0,86,92,87,265
0,0,0,1,0,0,0,0,0,1,0,0,76,71,73,220
0,0,0,0,0,0,0,0,0,0,0,0,64,50,43,157
0,0,0,1,0,0,0,0,0,0,1,0,62,49,52,163
1,1,0,0,0,0,0,0,0,0,0,1,54,61,62,177
1,1,0,0,0,0,0,0,1,0,1,1,77,97,94,268
1,0,1,0,0,0,0,0,0,0,0,1,76,87,85,248
1,0,0,1,0,0,0,0,0,1,0,0,74,89,84,247
1,0,0,0,1,0,0,0,0,1,0,1,66,74,73,213
1,0,0,1,0,0,0,0,0,0,0,1,66,78,78,222
1,1,0,0,0,0,0,1,0,0,1,1,67,78,79,224
0,0,0,1,0,0,0,0,0,1,0,0,71,49,52,172
1,0,1,0,0,1,0,0,0,0,0,0,91,86,84,261
0,0,0,1,0,0,1,0,0,0,0,0,69,58,57,184
0,0,1,0,0,0,0,0,1,0,1,0,54,59,50,163
0,0,1,0,0,0,0,1,0,0,0,1,53,52,49,154
0,0,0,0,1,0,0,0,0,1,0,0,68,60,59,187
0,0,1,0,0,0,0,0,0,0,1,1,56,61,60,177
1,0,1,0,0,0,0,1,0,0,1,0,36,53,43,132
1,0,0,1,0,0,1,0,0,0,1,0,29,41,47,117
1,0,1,0,0,1,0,0,0,0,0,0,62,74,70,206
1,0,1,0,0,1,0,0,0,0,0,1,68,67,73,208
1,0,1,0,0,0,0,0,0,0,0,0,47,54,53,154
0,0,0,0,1,1,0,0,0,0,0,1,62,61,58,181
1,0,0,0,1,1,0,0,0,0,0,1,79,88,94,261
0,1,0,0,0,0,0,1,0,0,0,1,73,69,68,210
1,0,1,0,0,0,1,0,0,0,1,1,66,83,83,232
0,0,1,0,0,1,0,0,0,0,0,1,51,60,58,169
1,0,0,1,0,0,0,1,0,0,0,0,51,66,62,179
0,0,0,0,1,0,1,0,0,0,0,1,85,66,71,222
0,0,0,0,0,1,0,0,0,0,0,1,97,92,86,275
0,0,1,0,0,0,0,1,0,0,0,1,75,69,68,212
0,0,0,1,0,1,0,0,0,0,1,1,79,82,80,241
1,0,1,0,0,1,0,0,0,0,0,0,81,77,79,237
1,0,0,1,0,1,0,0,0,0,0,0,82,95,89,266
1,0,0,1,0,0,0,0,1,0,0,0,64,63,66,193
0,0,0,0,1,0,0,0,0,0,1,1,78,83,80,241
1,0,0,0,0,0,0,0,0,0,0,1,92,100,97,289
0,0,1,0,0,0,0,1,0,0,0,1,72,67,64,203
1,0,1,0,0,0,0,1,0,0,1,0,62,67,64,193
0,0,1,0,0,0,0,0,1,0,0,0,79,72,69,220
0,0,1,0,0,0,0,0,0,0,1,0,79,76,65,220
0,1,0,0,0,0,1,0,0,0,1,1,87,90,88,265
1,1,0,0,0,1,0,0,0,0,0,0,40,48,50,138
0,0,0,1,0,0,0,0,0,1,1,0,77,62,64,203
0,0,0,0,1,1,0,0,0,0,0,0,53,45,40,138
1,0,1,0,0,0,0,0,0,1,1,0,32,39,33,104
1,0,1,0,0,1,0,0,0,0,0,1,55,72,79,206
0,0,1,0,0,0,0,0,1,0,1,0,61,67,66,194
1,1,0,0,0,1,0,0,0,0,1,0,53,70,70,193
0,0,0,1,0,0,0,0,0,0,0,0,73,66,62,201
1,0,0,1,0,0,0,0,0,1,0,1,74,75,79,228
1,0,1,0,0,0,0,0,0,1,0,0,63,74,74,211
0,0,1,0,0,0,1,0,0,0,0,1,96,90,92,278
1,0,0,1,0,0,0,0,0,1,1,1,63,80,80,223
0,1,0,0,0,0,1,0,0,0,1,0,48,51,46,145
0,1,0,0,0,1,0,0,0,0,0,0,48,43,45,136
1,0,0,0,1,0,1,0,0,0,1,1,92,100,100,292
1,0,0,1,0,0,0,0,1,0,1,1,61,71,78,210
0,1,0,0,0,0,0,1,0,0,1,0,63,48,47,158
0,0,0,1,0,0,1,0,0,0,1,0,68,68,67,203
0,1,0,0,0,0,0,0,0,1,0,1,71,75,70,216
0,0,0,0,0,0,1,0,0,0,0,0,91,96,92,279
1,0,1,0,0,0,0,0,0,1,0,0,53,62,56,171
1,0,1,0,0,0,0,1,0,0,1,1,50,66,64,180
1,0,0,0,1,0,0,1,0,0,0,0,74,81,71,226
0,0,0,0,0,1,0,0,0,0,1,1,40,55,53,148
0,0,0,0,0,0,0,0,0,1,0,1,61,51,52,164
1,1,0,0,0,0,0,1,0,0,0,0,81,91,89,261
1,1,0,0,0,0,0,0,0,1,1,1,48,56,58,162
1,0,0,1,0,0,0,0,1,0,0,0,53,61,68,182
1,0,0,1,0,0,0,0,0,0,0,0,81,97,96,274
1,0,0,0,1,0,0,0,0,0,0,0,77,79,80,236
1,0,0,1,0,0,1,0,0,0,1,0,63,73,78,214
1,0,0,1,0,1,0,0,0,0,0,1,73,75,80,228
1,0,0,1,0,0,0,0,0,1,0,0,69,77,77,223
1,0,1,0,0,1,0,0,0,0,0,0,65,76,76,217
1,0,0,0,0,0,0,1,0,0,0,0,55,73,73,201
1,0,1,0,0,0,1,0,0,0,1,0,44,63,62,169
1,0,1,0,0,0,0,0,0,1,0,0,54,64,65,183
1,0,0,0,0,0,0,0,0,0,0,0,48,66,65,179
0,0,1,0,0,0,0,0,0,1,1,0,58,57,54,169
0,0,0,0,0,0,0,0,0,0,0,0,71,62,50,183
0,0,0,0,1,0,1,0,0,0,0,0,68,68,64,200
1,0,0,0,1,0,0,1,0,0,0,0,74,76,73,223
1,0,1,0,0,0,1,0,0,0,0,1,92,100,99,291
1,0,1,0,0,0,1,0,0,0,0,1,56,79,72,207
0,1,0,0,0,0,0,1,0,0,1,0,30,24,15,69
0,0,0,0,0,0,0,0,0,0,0,0,53,54,48,155
1,0,0,1,0,0,0,1,0,0,0,0,69,77,73,219
1,0,0,1,0,0,0,0,0,0,0,0,65,82,81,228
1,0,0,1,0,0,0,0,1,0,0,0,54,60,63,177
1,0,1,0,0,0,0,1,0,0,0,0,29,29,30,88
1,0,0,0,1,0,0,0,0,1,0,0,76,78,80,234
0,0,0,1,0,0,0,1,0,0,1,0,60,57,51,168
0,0,0,1,0,0,0,0,1,0,1,1,84,89,90,263
0,0,1,0,0,0,0,0,0,0,0,0,75,72,62,209
1,0,1,0,0,1,0,0,0,0,0,0,85,84,82,251
1,0,1,0,0,0,0,0,1,0,1,0,40,58,54,152
1,0,0,0,1,0,0,0,0,1,0,0,61,64,62,187
1,1,0,0,0,1,0,0,0,0,0,0,58,63,65,186
0,0,0,1,0,0,0,0,0,1,1,1,69,60,63,192
1,0,1,0,0,0,0,0,0,1,0,0,58,59,66,183
0,0,1,0,0,0,1,0,0,0,0,1,94,90,91,275
1,0,1,0,0,1,0,0,0,0,0,0,65,77,74,216
1,0,0,0,0,1,0,0,0,0,0,0,82,93,93,268
1,0,1,0,0,0,0,1,0,0,0,0,60,68,72,200
1,0,0,0,1,0,1,0,0,0,0,0,37,45,38,120
0,0,0,1,0,0,1,0,0,0,0,0,88,78,83,249
0,0,0,1,0,0,0,0,1,0,0,0,95,81,84,260
0,0,1,0,0,1,0,0,0,0,1,1,65,73,68,206
1,0,1,0,0,0,0,1,0,0,1,0,35,61,54,150
0,1,0,0,0,0,1,0,0,0,1,0,62,63,56,181
0,0,1,0,0,0,0,1,0,0,1,1,58,51,52,161
0,0,0,0,0,0,0,0,0,1,0,1,100,96,86,282
1,0,0,0,1,0,1,0,0,0,1,0,61,58,62,181
0,0,0,1,0,0,0,0,0,1,0,1,100,97,99,296
0,1,0,0,0,1,0,0,0,0,1,1,69,70,63,202
0,0,0,1,0,1,0,0,0,0,0,0,61,48,46,155
0,0,0,1,0,0,0,0,0,1,1,0,49,57,46,152
1,0,1,0,0,0,0,0,0,0,0,1,44,51,55,150
0,0,0,1,0,0,0,0,0,1,0,0,67,64,70,201
0,1,0,0,0,0,0,1,0,0,0,0,79,60,65,204
1,1,0,0,0,0,1,0,0,0,0,1,66,74,81,221
1,0,1,0,0,0,0,1,0,0,0,0,75,88,85,248
0,0,0,1,0,0,0,0,0,0,0,0,84,84,80,248
0,0,0,0,0,0,0,1,0,0,0,0,71,74,64,209
1,1,0,0,0,0,0,1,0,0,1,1,67,80,81,228
1,0,0,1,0,0,0,0,0,0,0,1,80,92,88,260
0,0,0,0,1,0,0,0,0,1,0,0,86,76,74,236
1,0,0,1,0,1,0,0,0,0,0,0,76,74,73,223
0,0,0,1,0,0,0,1,0,0,0,0,41,52,51,144
1,0,0,1,0,1,0,0,0,0,1,1,74,88,90,252
1,1,0,0,0,0,0,0,0,0,1,0,72,81,79,232
1,0,0,0,1,0,0,1,0,0,0,1,74,79,80,233
0,1,0,0,0,0,0,1,0,0,0,0,70,65,60,195
1,1,0,0,0,0,1,0,0,0,0,1,65,81,81,227
1,0,0,1,0,1,0,0,0,0,0,0,59,70,65,194
1,0,0,0,1,0,0,1,0,0,1,0,64,62,68,194
1,1,0,0,0,0,0,1,0,0,0,0,50,53,55,158
1,0,0,1,0,0,0,0,0,1,0,1,69,79,81,229
0,0,1,0,0,0,0,0,0,0,1,1,51,56,53,160
1,0,0,0,0,0,0,1,0,0,0,1,68,80,76,224
1,0,0,1,0,0,0,0,0,1,0,1,85,86,98,269
1,0,0,0,0,1,0,0,0,0,0,1,65,70,74,209
1,1,0,0,0,0,0,0,0,0,0,0,73,79,79,231
1,1,0,0,0,0,0,0,0,1,0,0,62,67,67,196
0,0,1,0,0,1,0,0,0,0,1,0,77,67,64,208
0,0,0,1,0,0,0,0,0,0,0,0,69,66,61,196
1,0,0,1,0,1,0,0,0,0,1,0,43,60,58,161
0,0,0,1,0,1,0,0,0,0,0,0,90,87,85,262
0,0,1,0,0,0,0,0,0,1,1,0,74,77,73,224
0,0,1,0,0,0,0,0,0,0,0,0,73,66,63,202
1,0,0,1,0,0,0,0,0,1,1,0,55,71,69,195
1,0,1,0,0,0,0,1,0,0,0,0,65,69,67,201
0,0,0,1,0,1,0,0,0,0,0,0,80,63,63,206
1,0,1,0,0,0,0,0,0,0,1,1,50,60,60,170
1,0,1,0,0,0,0,0,0,1,1,1,63,73,71,207
1,1,0,0,0,0,1,0,0,0,1,0,77,85,87,249
0,0,1,0,0,0,0,0,0,1,0,0,73,74,61,208
0,0,0,1,0,1,0,0,0,0,0,1,81,72,77,230
1,0,1,0,0,0,0,1,0,0,1,0,66,76,68,210
0,0,0,1,0,1,0,0,0,0,1,0,52,57,50,159
1,0,1,0,0,0,0,0,0,1,0,0,69,78,76,223
1,0,1,0,0,1,0,0,0,0,0,1,65,84,84,233
1,0,0,1,0,0,0,1,0,0,0,1,69,77,78,224
1,1,0,0,0,0,0,0,0,1,0,1,50,64,66,180
1,0,0,0,1,0,0,0,0,1,0,1,73,78,76,227
1,0,1,0,0,0,0,0,0,0,0,1,70,82,76,228
0,0,0,1,0,1,0,0,0,0,1,0,81,75,78,234
0,0,0,1,0,0,0,0,0,1,1,0,63,61,60,184
1,0,0,1,0,0,0,1,0,0,0,0,67,72,74,213
0,1,0,0,0,0,0,1,0,0,0,0,60,68,60,188
0,1,0,0,0,0,0,1,0,0,0,0,62,55,54,171
1,0,1,0,0,0,0,0,0,0,1,1,29,40,44,113
0,1,0,0,0,0,0,0,0,1,0,1,62,66,68,196
1,0,0,0,1,0,0,0,1,0,0,1,94,99,100,293
0,0,0,0,1,0,0,0,0,1,0,1,85,75,68,228
0,0,0,1,0,1,0,0,0,0,1,0,77,78,73,228
0,0,0,0,0,0,0,1,0,0,1,0,53,58,44,155
0,0,0,0,1,0,0,0,0,1,1,0,93,90,83,266
1,0,1,0,0,1,0,0,0,0,0,0,49,53,53,155
1,0,0,0,1,1,0,0,0,0,1,0,73,76,78,227
1,0,1,0,0,0,1,0,0,0,1,1,66,74,81,221
1,0,0,1,0,1,0,0,0,0,0,0,77,77,73,227
1,0,1,0,0,0,0,0,0,0,0,0,49,63,56,168
1,0,0,1,0,0,0,0,0,1,1,0,79,89,86,254
1,0,1,0,0,1,0,0,0,0,0,1,75,82,90,247
1,0,0,0,0,0,1,0,0,0,0,0,59,72,70,201
1,0,0,1,0,1,0,0,0,0,0,1,57,78,79,214
0,0,1,0,0,0,0,1,0,0,1,0,66,66,59,191
1,0,0,0,1,0,1,0,0,0,0,1,79,81,82,242
1,1,0,0,0,0,0,0,0,0,0,0,57,67,72,196
0,0,0,0,0,0,1,0,0,0,0,1,87,84,87,258
1,0,0,1,0,0,0,0,0,1,0,0,63,64,67,194
1,1,0,0,0,0,0,0,0,0,1,1,59,63,64,186
0,0,0,0,0,0,1,0,0,0,1,0,62,72,65,199
0,0,0,1,0,0,0,1,0,0,0,0,46,34,36,116
0,0,1,0,0,0,0,0,0,1,0,0,66,59,52,177
0,0,0,1,0,0,0,1,0,0,0,0,89,87,79,255
1,0,0,1,0,1,0,0,0,0,1,1,42,61,58,161
0,0,1,0,0,0,0,0,0,1,0,1,93,84,90,267
1,0,0,0,1,0,0,0,0,0,0,1,80,85,85,250
1,0,0,1,0,0,0,0,0,1,0,0,98,100,99,297
0,0,0,1,0,0,0,0,1,0,0,0,81,81,84,246
1,1,0,0,0,0,0,0,0,0,0,1,60,70,74,204
1,1,0,0,0,1,0,0,0,0,1,1,76,94,87,257
0,0,1,0,0,1,0,0,0,0,0,1,73,78,72,223
1,0,1,0,0,1,0,0,0,0,0,1,96,96,99,291
1,0,1,0,0,0,0,1,0,0,0,0,76,76,74,226
0,0,0,0,1,1,0,0,0,0,1,1,91,73,80,244
1,0,1,0,0,0,0,0,0,1,1,0,62,72,70,204
0,0,0,1,0,0,0,0,0,0,1,1,55,59,59,173
1,1,0,0,0,0,0,0,0,0,1,1,74,90,88,252
0,0,1,0,0,0,0,1,0,0,0,0,50,48,42,140
0,1,0,0,0,0,0,0,0,1,0,0,47,43,41,131
0,0,0,0,1,0,0,0,0,1,0,1,81,74,71,226
1,0,0,0,1,1,0,0,0,0,0,1,65,75,77,217
0,0,0,0,1,0,0,0,0,0,0,1,68,51,57,176
1,0,0,1,0,0,0,1,0,0,1,0,73,92,84,249
0,0,1,0,0,0,0,0,0,1,0,0,53,39,37,129
1,1,0,0,0,1,0,0,0,0,1,1,68,77,80,225
0,0,0,0,0,0,0,0,0,0,1,0,55,46,43,144
1,0,1,0,0,0,0,0,0,1,0,1,87,89,94,270
0,0,0,1,0,0,0,0,0,0,0,0,55,47,44,146
1,0,0,0,1,0,0,0,0,1,1,0,53,58,57,168
0,0,1,0,0,0,0,0,1,0,0,0,67,57,59,183
0,0,1,0,0,1,0,0,0,0,0,0,92,79,84,255
1,1,0,0,0,0,0,0,0,1,1,1,53,66,73,192
0,0,0,1,0,1,0,0,0,0,0,0,81,71,73,225
0,0,1,0,0,0,0,1,0,0,1,0,61,60,55,176
0,0,0,1,0,0,1,0,0,0,0,0,80,73,72,225
1,0,0,0,0,1,0,0,0,0,1,0,37,57,56,150
1,0,1,0,0,0,0,1,0,0,0,0,81,84,82,247
1,0,1,0,0,1,0,0,0,0,0,1,59,73,72,204
0,1,0,0,0,0,0,0,0,1,1,0,55,55,47,157
0,0,0,1,0,1,0,0,0,0,0,0,72,79,74,225
0,0,0,1,0,0,0,1,0,0,0,0,69,75,71,215
0,0,1,0,0,0,0,0,0,1,0,0,69,64,68,201
1,0,1,0,0,0,1,0,0,0,1,0,50,60,59,169
0,1,0,0,0,0,0,0,0,1,0,1,87,84,86,257
0,0,0,1,0,0,0,0,0,0,0,1,71,69,68,208
0,0,0,0,1,0,0,0,0,1,0,0,68,72,65,205
0,0,1,0,0,0,0,0,1,0,1,1,79,77,75,231
1,0,1,0,0,0,0,0,0,0,0,1,77,90,85,252
0,0,1,0,0,1,0,0,0,0,1,0,58,55,53,166
1,0,0,0,1,1,0,0,0,0,0,0,84,95,92,271
0,0,0,1,0,0,0,0,0,1,0,0,55,58,52,165
0,0,0,0,1,0,1,0,0,0,1,1,70,68,72,210
1,0,0,1,0,0,0,0,0,1,1,1,52,59,65,176
0,1,0,0,0,0,0,0,0,1,0,1,69,77,77,223
1,0,1,0,0,0,0,1,0,0,1,0,53,72,64,189
1,0,0,1,0,0,0,0,0,0,0,0,48,58,54,160
0,0,0,1,0,0,0,0,0,0,0,1,78,81,86,245
1,1,0,0,0,0,0,1,0,0,0,0,62,62,63,187
0,0,0,1,0,0,0,0,0,1,0,0,60,63,59,182
1,1,0,0,0,0,0,1,0,0,0,0,74,72,72,218
1,0,1,0,0,0,0,1,0,0,0,1,58,75,77,210
0,1,0,0,0,0,0,1,0,0,0,1,76,62,60,198
1,0,0,1,0,0,0,0,0,0,0,0,68,71,75,214
0,0,0,0,0,0,0,0,0,1,1,0,58,60,57,175
0,1,0,0,0,0,0,1,0,0,0,0,52,48,49,149
0,0,0,1,0,0,1,0,0,0,0,0,75,73,74,222
1,1,0,0,0,0,0,0,0,0,1,1,52,67,72,191
1,0,1,0,0,0,1,0,0,0,1,0,62,78,79,219
0,1,0,0,0,0,0,0,0,1,0,0,66,65,60,191
1,1,0,0,0,0,0,0,0,0,1,0,49,58,55,162
1,1,0,0,0,0,0,1,0,0,0,0,66,72,70,208
1,0,1,0,0,0,0,0,0,1,1,0,35,44,43,122
1,0,0,0,0,0,0,0,0,1,0,1,72,79,82,233
0,0,0,0,1,1,0,0,0,0,0,1,94,85,82,261
1,0,0,1,0,1,0,0,0,0,1,0,46,56,57,159
1,1,0,0,0,0,0,0,1,0,0,0,77,90,84,251
1,1,0,0,0,0,0,1,0,0,1,1,76,85,82,243
1,0,1,0,0,1,0,0,0,0,0,1,52,59,62,173
0,0,1,0,0,0,1,0,0,0,0,1,91,81,79,251
1,1,0,0,0,0,0,0,0,0,0,1,32,51,44,127
1,0,0,0,1,0,0,0,0,0,1,0,72,79,77,228
1,1,0,0,0,0,0,0,0,1,0,0,19,38,32,89
0,0,1,0,0,1,0,0,0,0,1,0,68,65,61,194
1,0,1,0,0,0,0,0,1,0,1,0,52,65,61,178
1,1,0,0,0,0,0,1,0,0,0,0,48,62,60,170
1,0,0,1,0,0,0,0,0,1,1,0,60,66,70,196
0,0,0,1,0,0,0,1,0,0,1,0,66,74,69,209
0,0,0,0,1,0,0,0,0,0,0,1,89,84,77,250
1,1,0,0,0,0,0,1,0,0,0,0,42,52,51,145
1,0,0,0,1,1,0,0,0,0,1,1,57,68,73,198
0,0,0,1,0,0,0,1,0,0,0,0,70,70,70,210
1,0,0,0,1,1,0,0,0,0,1,0,70,84,81,235
0,0,0,0,1,0,0,0,0,1,0,0,69,60,54,183
1,0,1,0,0,1,0,0,0,0,0,0,52,55,57,164
0,0,1,0,0,0,0,0,0,0,0,1,67,73,68,208
0,0,1,0,0,0,0,0,0,0,0,1,76,80,73,229
1,0,0,0,1,1,0,0,0,0,0,0,87,94,95,276
1,1,0,0,0,0,0,0,0,1,0,0,82,85,87,254
1,0,1,0,0,0,0,0,0,1,0,0,73,76,78,227
0,0,0,0,0,0,0,0,0,1,1,0,75,81,74,230
1,0,0,1,0,0,0,0,0,1,1,0,64,74,75,213
1,0,0,0,1,0,0,1,0,0,1,0,41,45,40,126
0,0,1,0,0,0,0,1,0,0,0,0,90,75,69,234
0,1,0,0,0,0,1,0,0,0,0,0,59,54,51,164
0,0,0,0,0,0,0,0,0,0,0,0,51,31,36,118
0,0,0,0,0,0,0,1,0,0,1,0,45,47,49,141
1,0,1,0,0,0,0,0,1,0,0,1,54,64,67,185
0,0,0,0,1,0,0,0,0,0,0,1,87,84,76,247
1,0,1,0,0,0,0,1,0,0,0,0,72,80,83,235
0,1,0,0,0,0,0,0,0,0,0,1,94,86,87,267
1,0,0,0,0,0,1,0,0,0,0,0,45,59,64,168
0,0,0,1,0,0,1,0,0,0,1,1,61,70,76,207
1,1,0,0,0,0,0,1,0,0,1,0,60,72,68,200
1,0,1,0,0,0,0,0,0,0,0,0,77,91,88,256
1,0,0,0,0,0,0,0,0,0,0,1,85,90,92,267
1,0,0,1,0,0,1,0,0,0,1,0,78,90,93,261
0,0,0,0,1,0,0,0,0,1,1,1,49,52,51,152
1,1,0,0,0,0,0,1,0,0,1,0,71,87,82,240
1,0,1,0,0,0,0,0,0,0,1,0,48,58,52,158
0,0,1,0,0,0,0,1,0,0,0,0,62,67,58,187
1,0,1,0,0,1,0,0,0,0,1,1,56,68,70,194
1,0,1,0,0,0,0,0,0,0,0,0,65,69,76,210
1,0,0,1,0,0,0,0,0,0,1,1,69,86,81,236
0,1,0,0,0,0,0,0,0,0,0,0,68,54,53,175
1,0,0,0,0,0,0,0,0,1,1,0,61,60,57,178
1,0,1,0,0,0,1,0,0,0,1,1,74,86,89,249
0,0,0,0,0,0,1,0,0,0,0,0,64,60,58,182
1,1,0,0,0,0,0,1,0,0,0,1,77,82,89,248
0,1,0,0,0,0,0,0,0,1,0,0,58,50,45,153
1,0,1,0,0,0,0,1,0,0,0,1,60,64,74,198
0,0,0,0,1,0,0,1,0,0,0,0,73,64,57,194
1,0,0,0,0,0,0,1,0,0,0,1,75,82,79,236
0,1,0,0,0,1,0,0,0,0,1,1,58,57,53,168
1,0,1,0,0,1,0,0,0,0,0,0,66,77,73,216
1,0,0,1,0,0,0,1,0,0,1,0,39,52,46,137
0,0,1,0,0,0,0,0,0,0,0,0,64,58,51,173
1,1,0,0,0,0,0,1,0,0,1,1,23,44,36,103
0,1,0,0,0,0,0,0,0,1,1,1,74,77,76,227
1,0,0,1,0,0,0,0,0,0,1,1,40,65,64,169
0,0,0,0,1,0,0,0,1,0,0,0,90,85,84,259
0,0,1,0,0,0,0,0,1,0,0,1,91,85,85,261
0,0,0,1,0,0,0,1,0,0,0,0,64,54,50,168
1,0,1,0,0,0,0,1,0,0,0,0,59,72,68,199
0,0,0,1,0,1,0,0,0,0,0,0,80,75,69,224
0,0,1,0,0,0,0,0,1,0,0,0,71,67,67,205
1,0,0,0,0,0,0,1,0,0,0,0,61,68,63,192
1,0,0,0,1,0,0,0,0,1,0,0,87,85,93,265
0,0,0,0,1,0,0,0,0,0,0,0,82,67,61,210
0,0,1,0,0,0,0,0,0,0,0,0,62,64,55,181
1,1,0,0,0,0,1,0,0,0,0,0,97,97,96,290
0,1,0,0,0,0,0,0,0,1,1,0,75,68,65,208
1,0,1,0,0,0,1,0,0,0,0,0,65,79,81,225
0,1,0,0,0,0,0,1,0,0,0,1,52,49,46,147
0,0,1,0,0,1,0,0,0,0,1,0,87,73,72,232
1,0,1,0,0,1,0,0,0,0,0,0,53,62,53,168
1,0,0,0,1,0,0,0,1,0,1,0,81,86,87,254
0,0,0,1,0,0,1,0,0,0,1,1,39,42,38,119
1,0,1,0,0,0,0,0,0,1,0,1,71,71,80,222
0,0,1,0,0,1,0,0,0,0,0,0,97,93,91,281
0,0,0,1,0,0,0,0,0,1,0,1,82,82,88,252
0,0,1,0,0,0,0,1,0,0,1,0,59,53,52,164
0,1,0,0,0,1,0,0,0,0,0,0,61,42,41,144
0,0,0,0,1,1,0,0,0,0,1,1,78,74,72,224
0,0,1,0,0,1,0,0,0,0,1,0,49,51,51,151
0,1,0,0,0,0,0,1,0,0,0,0,59,58,47,164
1,0,1,0,0,0,0,0,0,1,0,1,70,72,76,218
0,1,0,0,0,1,0,0,0,0,0,1,82,84,78,244
0,0,0,0,1,1,0,0,0,0,1,0,90,90,82,262
1,0,1,0,0,0,1,0,0,0,1,0,43,62,61,166
0,0,1,0,0,0,0,0,0,1,1,0,80,64,66,210
0,0,0,1,0,0,0,0,0,1,0,0,81,82,84,247
0,0,1,0,0,0,0,0,0,0,0,0,57,61,54,172
1,0,0,1,0,0,0,0,0,0,0,0,59,72,80,211
1,0,0,1,0,1,0,0,0,0,0,0,64,76,74,214
0,0,1,0,0,0,1,0,0,0,0,1,63,64,66,193
1,0,0,0,1,0,1,0,0,0,0,1,71,70,70,211
1,1,0,0,0,0,0,1,0,0,1,0,64,73,71,208
0,0,0,1,0,0,1,0,0,0,1,0,55,46,44,145
1,0,0,0,1,1,0,0,0,0,0,0,51,51,54,156
1,0,1,0,0,1,0,0,0,0,0,1,62,76,80,218
1,0,0,0,1,1,0,0,0,0,0,1,93,100,95,288
0,0,1,0,0,0,0,1,0,0,1,0,54,72,59,185
1,0,0,1,0,0,0,0,0,1,1,0,69,65,74,208
0,0,0,1,0,0,0,1,0,0,1,0,44,51,48,143
1,0,0,0,1,0,0,0,0,1,0,1,86,85,91,262
1,0,0,0,1,1,0,0,0,0,0,0,85,92,85,262
1,0,0,0,0,0,0,0,1,0,1,0,50,67,73,190
0,0,0,1,0,0,0,0,0,0,0,1,88,74,75,237
1,0,0,0,1,1,0,0,0,0,0,0,59,62,69,190
1,0,0,0,1,0,0,0,0,0,1,0,32,34,38,104
0,1,0,0,0,0,0,1,0,0,1,0,36,29,27,92
1,1,0,0,0,0,0,0,0,0,1,1,63,78,79,220
0,0,0,1,0,1,0,0,0,0,0,1,67,54,63,184
1,0,0,1,0,0,0,0,0,0,0,1,65,78,82,225
0,0,0,1,0,0,0,0,1,0,0,0,85,84,89,258
1,0,1,0,0,0,0,0,1,0,0,0,73,78,74,225
1,0,0,0,0,0,0,1,0,0,1,1,34,48,41,123
1,0,0,1,0,0,1,0,0,0,1,1,93,100,100,293
1,0,0,1,0,0,0,0,0,0,1,0,67,84,84,235
0,0,0,1,0,0,0,0,0,1,0,0,88,77,77,242
0,1,0,0,0,0,0,1,0,0,0,0,57,48,51,156
1,0,0,1,0,0,0,0,0,1,0,1,79,84,91,254
1,0,1,0,0,0,1,0,0,0,1,0,67,75,72,214
0,0,0,0,1,0,1,0,0,0,0,1,70,64,70,204
0,0,0,1,0,0,1,0,0,0,1,0,50,42,48,140
1,0,0,0,0,0,0,0,0,1,0,0,69,84,82,235
1,0,1,0,0,0,1,0,0,0,0,1,52,61,66,179
1,0,1,0,0,0,1,0,0,0,1,1,47,62,66,175
1,1,0,0,0,1,0,0,0,0,1,0,46,61,55,162
1,0,0,0,1,0,0,0,0,1,0,0,68,70,66,204
0,0,0,0,1,0,1,0,0,0,0,1,100,100,100,300
1,0,1,0,0,0,0,1,0,0,0,0,44,61,52,157
1,0,1,0,0,1,0,0,0,0,0,1,57,77,80,214
0,1,0,0,0,0,0,0,0,1,0,1,91,96,91,278
0,0,0,1,0,0,0,1,0,0,1,0,69,70,67,206
1,0,1,0,0,0,0,1,0,0,1,0,35,53,46,134
0,0,0,1,0,0,0,1,0,0,0,0,72,66,66,204
1,1,0,0,0,1,0,0,0,0,1,0,54,65,65,184
0,0,0,1,0,0,0,1,0,0,1,0,74,70,69,213
0,0,0,0,1,0,0,0,0,0,0,1,74,64,60,198
0,0,0,0,1,1,0,0,0,0,1,0,64,56,52,172
1,0,0,1,0,0,0,1,0,0,1,1,65,61,71,197
0,0,0,0,1,1,0,0,0,0,1,1,46,43,44,133
1,0,1,0,0,0,0,0,0,0,1,0,48,56,51,155
0,0,1,0,0,0,0,0,0,1,1,1,67,74,70,211
0,0,0,1,0,0,0,0,0,1,1,0,62,57,62,181
0,0,0,1,0,1,0,0,0,0,1,1,61,71,73,205
0,0,1,0,0,0,1,0,0,0,1,1,70,75,74,219
0,0,1,0,0,1,0,0,0,0,0,1,98,87,90,275
0,0,0,1,0,0,0,0,0,1,1,0,70,63,58,191
0,0,0,0,0,1,0,0,0,0,0,0,67,57,53,177
1,0,0,0,1,0,0,1,0,0,1,0,57,58,57,172
0,0,0,1,0,0,0,0,0,1,0,1,85,81,85,251
0,0,0,1,0,0,0,0,0,0,0,1,77,68,69,214
0,0,1,0,0,0,0,0,1,0,1,1,72,66,72,210
1,0,0,1,0,0,0,0,1,0,0,0,78,91,96,265
0,0,1,0,0,0,0,1,0,0,0,0,81,66,64,211
0,0,0,0,0,0,0,0,0,0,1,1,61,62,61,184
1,1,0,0,0,0,0,1,0,0,0,0,58,68,61,187
1,0,1,0,0,1,0,0,0,0,0,0,54,61,58,173
0,1,0,0,0,0,0,1,0,0,0,0,82,82,80,244
1,0,0,1,0,0,0,0,0,1,1,0,49,58,60,167
0,1,0,0,0,0,0,0,0,0,1,1,49,50,52,151
1,0,0,0,1,0,0,1,0,0,1,1,57,75,73,205
0,0,0,0,1,0,0,1,0,0,0,0,94,73,71,238
1,0,0,1,0,0,0,0,0,1,0,1,75,77,83,235
1,0,0,0,1,0,0,0,0,0,1,0,74,74,72,220
0,0,1,0,0,0,0,1,0,0,0,1,58,52,54,164
1,0,1,0,0,0,0,0,0,1,0,0,62,69,69,200
0,0,0,0,1,1,0,0,0,0,0,0,72,57,62,191
0,0,1,0,0,0,0,0,0,1,0,0,84,87,81,252
1,0,0,1,0,0,0,0,1,0,0,0,92,100,100,292
1,0,0,1,0,0,0,1,0,0,0,0,45,63,59,167
0,0,1,0,0,0,0,1,0,0,0,0,75,81,71,227
1,0,0,0,0,0,0,0,0,1,0,0,56,58,64,178
1,0,0,1,0,0,0,0,0,0,1,0,48,54,53,155
1,0,0,0,1,1,0,0,0,0,0,0,100,100,100,300
1,0,1,0,0,0,0,0,0,0,1,1,65,76,75,216
0,0,0,1,0,0,0,0,0,1,0,0,72,57,58,187
1,0,0,1,0,0,0,0,0,1,0,0,62,70,72,204
0,0,0,0,0,0,0,0,0,0,0,1,66,68,64,198
0,0,1,0,0,0,0,0,0,1,0,0,63,63,60,186
1,0,0,0,1,1,0,0,0,0,0,0,68,76,67,211
1,1,0,0,0,0,1,0,0,0,0,0,75,84,80,239
1,0,0,1,0,0,1,0,0,0,0,0,89,100,100,289
0,0,1,0,0,0,0,0,0,0,0,1,78,72,69,219
1,0,0,0,0,0,0,1,0,0,1,1,53,50,60,163
1,0,0,1,0,0,0,0,0,1,1,0,49,65,61,175
1,0,0,0,0,0,0,0,0,1,0,0,54,63,67,184
1,0,1,0,0,0,0,0,0,1,0,1,64,82,77,223
0,1,0,0,0,0,0,0,0,1,1,1,60,62,60,182
0,0,1,0,0,1,0,0,0,0,0,0,62,65,58,185
0,0,0,1,0,0,0,1,0,0,0,1,55,41,48,144
1,0,1,0,0,1,0,0,0,0,0,0,91,95,94,280
1,1,0,0,0,0,0,1,0,0,1,0,8,24,23,55
0,0,0,1,0,0,0,0,0,0,0,0,81,78,78,237
0,1,0,0,0,0,0,0,0,0,0,1,79,85,86,250
1,0,0,0,0,0,0,0,0,1,0,1,78,87,91,256
1,0,1,0,0,0,0,0,0,0,0,0,74,75,82,231
0,0,0,0,0,0,0,1,0,0,0,0,57,51,54,162
1,0,1,0,0,1,0,0,0,0,0,0,40,59,51,150
0,0,0,0,1,0,0,0,0,0,0,1,81,75,76,232
1,0,0,0,0,0,0,0,0,0,1,0,44,45,45,134
1,0,0,1,0,0,0,0,0,1,1,1,67,86,83,236
0,0,0,0,1,0,0,1,0,0,1,1,86,81,75,242
1,1,0,0,0,0,0,0,0,0,0,1,65,82,78,225
1,0,0,1,0,1,0,0,0,0,1,0,55,76,76,207
1,0,0,1,0,0,1,0,0,0,1,0,62,72,74,208
0,0,0,0,0,0,0,1,0,0,0,0,63,63,62,188
1,0,0,0,1,0,0,0,1,0,0,1,88,99,95,282
0,0,1,0,0,0,0,1,0,0,1,0,62,55,55,172
1,0,1,0,0,0,0,1,0,0,1,1,59,71,65,195
1,0,0,1,0,0,0,0,0,1,0,1,68,78,77,223
1,0,0,1,0,0,0,0,0,1,1,0,77,86,86,249
